﻿<?xml version="1.0" encoding="utf-8" ?>
<Advertisements xmlns="http://schemas.microsoft.com/AspNet/AdRotator-Schedule-File">
  <Ad>
    <ImageUrl>~/imagens/imagens-lindas-3.jpg</ImageUrl>
    <NavigateUrl>http://www.treinaweb.com.br</NavigateUrl>
    <AlternateText>Cursos Online de Webstandards e Programação Web / Desktop </AlternateText>
    <Impressions>100</Impressions>
  </Ad>
  <Ad>
    <ImageUrl>~/imagens/images.jpg</ImageUrl>
    <NavigateUrl>http://www.forumweb.com.br</NavigateUrl>
    <AlternateText>ForumWEB - O Seu portal de TI!</AlternateText>
    <Impressions>100</Impressions>
  </Ad>
</Advertisements>
